segment_variable,segment_value,comparison,treatment_users,control_users,treatment_buyers,control_buyers,treatment_conversion_rate,control_conversion_rate,absolute_conversion_lift,relative_conversion_lift,conversion_p_value,treatment_revenue_per_user,control_revenue_per_user,revenue_per_user_lift,is_significant_05
history_segment,1) $0 - $100,Mens E-Mail vs No E-Mail,7724,7612,71,32,0.009192128430864838,0.004203888596952181,0.004988239833912657,1.186577550491973,0.00015589461902370698,1.0551760745727603,0.516893063583815,0.5382830109889453,True
history_segment,2) $100 - $200,Mens E-Mail vs No E-Mail,4691,4836,42,20,0.008953314858239182,0.0041356492969396195,0.004817665561299562,1.164911532722234,0.0034588573015568802,1.127143466211895,0.42289495450785775,0.7042485117040373,True
history_segment,3) $200 - $350,Mens E-Mail vs No E-Mail,4090,4044,63,28,0.015403422982885086,0.006923837784371909,0.008479585198513176,1.2246943765281175,0.00027744163246441414,1.4694621026894867,0.9328808110781406,0.5365812916113462,True
history_segment,4) $350 - $500,Mens E-Mail vs No E-Mail,2097,2124,42,24,0.020028612303290415,0.011299435028248588,0.008729177275041827,0.7725321888412018,0.02227774669886927,2.579208392942298,1.0102683615819208,1.5689400313603774,True
history_segment,5) $500 - $750,Mens E-Mail vs No E-Mail,1597,1652,22,9,0.013775829680651221,0.005447941888619854,0.008327887792031367,1.5286300702706463,0.014640830369248556,1.6418659987476518,0.5388559322033899,1.103010066544262,True
history_segment,"6) $750 - $1,000",Mens E-Mail vs No E-Mail,644,622,16,3,0.024844720496894408,0.00482315112540193,0.02002156937149248,4.151138716356107,0.003398796192891348,1.8836801242236023,0.3495337620578778,1.5341463621657245,True
history_segment,"7) $1,000 +",Mens E-Mail vs No E-Mail,464,416,11,6,0.023706896551724137,0.014423076923076924,0.009283819628647213,0.6436781609195401,0.3178188284221223,3.491875,2.169807692307692,1.3220673076923077,False
history_segment,1) $0 - $100,Womens E-Mail vs No E-Mail,7634,7612,61,32,0.007990568509300498,0.004203888596952181,0.003786679912348317,0.9007564841498559,0.0026784363362159515,1.142712863505371,0.516893063583815,0.6258197999215559,True
history_segment,2) $100 - $200,Womens E-Mail vs No E-Mail,4727,4836,37,20,0.007827374656230167,0.0041356492969396195,0.0036917253592905477,0.8926591918764544,0.01903170094823065,0.8812883435582823,0.42289495450785775,0.4583933890504246,True
history_segment,3) $200 - $350,Womens E-Mail vs No E-Mail,4155,4044,26,28,0.006257521058965102,0.006923837784371909,-0.0006663167254068068,-0.0962351727694688,0.709211727681355,0.6097400722021661,0.9328808110781406,-0.3231407388759745,False
history_segment,4) $350 - $500,Womens E-Mail vs No E-Mail,2188,2124,20,24,0.009140767824497258,0.011299435028248588,-0.0021586672037513296,-0.19104204753199272,0.48071090141112816,0.9093784277879342,1.0102683615819208,-0.10088993379398659,False
history_segment,5) $500 - $750,Womens E-Mail vs No E-Mail,1662,1652,26,9,0.015643802647412757,0.005447941888619854,0.010195860758792903,1.8715068859473196,0.004093231025866357,1.8245066185318892,0.5388559322033899,1.2856506863284993,True
history_segment,"6) $750 - $1,000",Womens E-Mail vs No E-Mail,593,622,8,3,0.013490725126475547,0.00482315112540193,0.008667574001073618,1.79707700955593,0.11084535117419429,0.9977908937605398,0.3495337620578778,0.648257131702662,False
history_segment,"7) $1,000 +",Womens E-Mail vs No E-Mail,428,416,11,6,0.02570093457943925,0.014423076923076924,0.011277857656362328,0.7819314641744546,0.243624631779233,4.676588785046729,2.169807692307692,2.5067810927390366,False
zip_code,Rural,Mens E-Mail vs No E-Mail,3243,3139,44,26,0.013567684242984891,0.00828289264096846,0.00528479160201643,0.638036955335753,0.042715352064674965,1.5226364477335799,0.7671360305829882,0.7555004171505917,True
zip_code,Surburban,Mens E-Mail vs No E-Mail,9501,9625,118,48,0.012419745289969477,0.004987012987012987,0.00743273230295649,1.490417675332421,3.01094900190452e-08,1.4732901799810545,0.669442077922078,0.8038481020589765,True
zip_code,Urban,Mens E-Mail vs No E-Mail,8563,8542,105,48,0.012262057690061895,0.005619292905642706,0.006642764784419188,1.182135349760598,3.956111962968043e-06,1.328512203666939,0.5920053851557012,0.7365068185112378,True
zip_code,Rural,Womens E-Mail vs No E-Mail,3181,3139,37,26,0.011631562401760453,0.00828289264096846,0.003348669760791992,0.4042874761202333,0.18029530100656066,1.2819773656082991,0.7671360305829882,0.5148413350253109,False
zip_code,Surburban,Womens E-Mail vs No E-Mail,9650,9625,73,48,0.0075647668393782385,0.004987012987012987,0.0025777538523652516,0.5168933506044906,0.023476843873356017,0.8466134715025907,0.669442077922078,0.1771713935805127,True
zip_code,Urban,Womens E-Mail vs No E-Mail,8556,8542,79,48,0.009233286582515194,0.005619292905642706,0.003613993676872488,0.6431402914134332,0.005926552614843019,1.2611407199625992,0.5920053851557012,0.669135334806898,True
channel,Multichannel,Mens E-Mail vs No E-Mail,2577,2606,44,18,0.017074117190531625,0.006907137375287797,0.010166979815243827,1.471952744362523,0.0007618181165847432,1.824870003880481,0.6157405986185724,1.2091294052619086,True
channel,Phone,Mens E-Mail vs No E-Mail,9240,9327,100,50,0.010822510822510822,0.005360780529645117,0.005461730292865705,1.0188311688311686,3.228188752852337e-05,1.2085270562770565,0.6444526643079231,0.5640743919691333,True
channel,Web,Mens E-Mail vs No E-Mail,9490,9373,123,54,0.012961011591148578,0.005761229062199936,0.007199782528948642,1.2496955859969558,2.927565086509692e-07,1.5218345626975762,0.6713858956577403,0.8504486670398359,True
channel,Multichannel,Womens E-Mail vs No E-Mail,2579,2606,36,18,0.013958898797983715,0.006907137375287797,0.0070517614226959175,1.0209383481969758,0.012389697763934688,1.7732764637456377,0.6157405986185724,1.1575358651270653,True
channel,Phone,Womens E-Mail vs No E-Mail,9454,9327,67,50,0.00708694732388407,0.005360780529645117,0.0017261667942389536,0.32199915379733435,0.13277958911139304,0.8769261688174319,0.6444526643079231,0.23247350450950877,False
channel,Web,Womens E-Mail vs No E-Mail,9354,9373,86,54,0.009193927731451786,0.005761229062199936,0.0034326986692518498,0.5958274930906962,0.006396903809730835,1.087702587128501,0.6713858956577403,0.4163166914707608,True
newbie,0,Mens E-Mail vs No E-Mail,10621,10611,148,82,0.013934657753507202,0.007727829610781264,0.006206828142725938,0.8031787002739625,1.2510598620759528e-05,1.5133170134638925,0.9353501083780982,0.5779669050857943,True
newbie,1,Mens E-Mail vs No E-Mail,10686,10695,119,40,0.011136065880591428,0.0037400654511453952,0.007396000429446033,1.9775056148231331,3.0966371658942176e-10,1.3324677147669848,0.37244787283777464,0.9600198419292101,True
newbie,0,Womens E-Mail vs No E-Mail,10624,10611,92,82,0.008659638554216868,0.007727829610781264,0.0009318089434356032,0.12057834998530725,0.4513810410852427,1.0493072289156626,0.9353501083780982,0.11395712053756446,False
newbie,1,Womens E-Mail vs No E-Mail,10763,10695,97,40,0.009012357149493635,0.0037400654511453952,0.00527229169834824,1.4096789928458606,1.2454107165078662e-06,1.1047356684939145,0.37244787283777464,0.7322877956561398,True
