metric_date,metric_month,metric_week,metric_day_of_week,sessions,active_users,total_events,page_views,product_views,add_to_cart_events,cart_views,checkout_starts,payment_info_events,purchase_events,sessions_with_product_view,sessions_with_add_to_cart,sessions_with_checkout,purchasing_sessions,cart_abandoned_sessions,checkout_abandoned_sessions,bounce_like_sessions,transactions,revenue,session_purchase_conversion_rate,product_view_session_rate,view_to_cart_session_rate,cart_to_checkout_session_rate,checkout_to_purchase_session_rate,view_to_purchase_session_rate,cart_abandonment_rate,checkout_abandonment_rate,bounce_like_session_rate,average_order_value,revenue_per_active_user,revenue_per_session
2020-12-06,2020-12,49,1,3327,2941,43223,13193,4107,816,0,436,111,43,766,258,140,41,227,99,1815,43,2498.0,1.23,23.02,33.68,54.26,29.29,5.35,87.98,70.71,54.55,58.09,0.85,0.75
2020-11-10,2020-11,45,3,3824,3252,51342,15666,5262,0,0,266,204,63,951,0,173,63,0,111,1911,63,4014.0,1.65,24.87,0.0,,36.42,6.62,,64.16,49.97,63.71,1.23,1.05
2020-12-05,2020-12,48,7,3498,3072,49247,14875,4890,1049,0,591,201,86,822,295,172,76,233,96,1935,85,6321.0,2.17,23.5,35.89,58.31,44.19,9.25,78.98,55.81,55.32,74.36,2.06,1.81
2021-01-07,2021-01,1,5,4660,4167,44362,15342,2784,589,0,376,69,27,768,175,62,26,158,36,521,27,1480.0,0.56,16.48,22.79,35.43,41.94,3.39,90.29,58.06,11.18,54.81,0.36,0.32
2020-12-24,2020-12,51,5,2798,2595,26117,7353,2270,481,0,188,47,23,477,101,39,22,84,17,1830,23,1192.0,0.79,17.05,21.17,38.61,56.41,4.61,83.17,43.59,65.4,51.83,0.46,0.43
2020-12-09,2020-12,49,4,6282,5525,82513,24255,7819,1790,0,1018,390,152,1269,424,258,133,321,125,3720,148,10997.0,2.12,20.2,33.41,60.85,51.55,10.48,75.71,48.45,59.22,74.3,1.99,1.75
2020-12-12,2020-12,49,7,4135,3744,56373,16993,5714,1399,0,647,234,107,880,313,192,100,231,92,2511,107,6284.0,2.42,21.28,35.57,61.34,52.08,11.36,73.8,47.92,60.73,58.73,1.68,1.52
2020-12-04,2020-12,48,6,4714,4123,69676,20800,7420,1572,0,729,241,96,1186,383,198,86,317,112,2526,95,6509.0,1.82,25.16,32.29,51.7,43.43,7.25,82.77,56.57,53.59,68.52,1.58,1.38
2021-01-22,2021-01,3,6,4089,3597,49753,16765,4464,671,0,888,230,101,1147,214,155,89,146,66,440,98,5621.0,2.18,28.05,18.66,72.43,57.42,7.76,68.22,42.58,10.76,57.36,1.56,1.37
2020-12-27,2020-12,52,1,2677,2491,22503,6227,1680,502,0,211,52,20,412,99,39,20,82,19,1793,20,1161.0,0.75,15.39,24.03,39.39,51.28,4.85,82.83,48.72,66.98,58.05,0.47,0.43
2021-01-20,2021-01,3,4,4805,4216,63878,20907,5493,921,0,819,238,97,1193,243,143,95,174,48,538,96,6809.0,1.98,24.83,20.37,58.85,66.43,7.96,71.6,33.57,11.2,70.93,1.62,1.42
2020-11-19,2020-11,46,5,4189,3559,53966,16686,5160,187,0,331,138,90,1063,39,127,47,34,80,2123,49,6668.0,1.12,25.38,3.67,325.64,37.01,4.42,87.18,62.99,50.68,136.08,1.87,1.59
2020-11-23,2020-11,47,2,3960,3415,53297,16516,5127,0,0,285,167,145,952,0,172,64,0,108,2037,74,8864.0,1.62,24.04,0.0,,37.21,6.72,,62.79,51.44,119.78,2.6,2.24
2020-12-17,2020-12,50,5,5345,4705,64225,18228,6209,1677,0,747,282,129,1250,342,157,94,276,63,3074,127,6933.0,1.76,23.39,27.36,45.91,59.87,7.52,80.7,40.13,57.51,54.59,1.47,1.3
2020-12-13,2020-12,50,1,3699,3394,46881,14321,4515,938,0,423,153,74,719,256,135,63,205,72,2226,74,4421.0,1.7,19.44,35.61,52.73,46.67,8.76,80.08,53.33,60.18,59.74,1.3,1.2
2020-12-11,2020-12,49,6,5607,4943,75479,22128,7880,2115,0,925,328,156,1281,429,260,145,316,115,3217,156,10129.0,2.59,22.85,33.49,60.61,55.77,11.32,73.66,44.23,57.37,64.93,2.05,1.81
2021-01-15,2021-01,2,6,3935,3549,40082,13737,2919,571,0,380,99,47,716,166,70,38,137,32,388,47,2071.0,0.97,18.2,23.18,42.17,54.29,5.31,82.53,45.71,9.86,44.06,0.58,0.53
2021-01-06,2021-01,1,4,5995,5479,56216,19275,3161,661,0,348,92,30,802,183,65,27,162,38,588,30,1976.0,0.45,13.38,22.82,35.52,41.54,3.37,88.52,58.46,9.81,65.87,0.36,0.33
2021-01-27,2021-01,4,4,4599,4015,48791,17029,3828,576,0,526,143,55,1191,235,120,51,204,69,581,54,457.0,1.11,25.9,19.73,51.06,42.5,4.28,86.81,57.5,12.63,8.46,0.11,0.1
2021-01-17,2021-01,3,1,2988,2713,27093,9570,1568,301,0,193,47,14,455,90,35,14,78,21,295,14,481.0,0.47,15.23,19.78,38.89,40.0,3.08,86.67,60.0,9.87,34.36,0.18,0.16
2020-11-30,2020-11,48,2,4583,3966,70185,20911,7048,1730,0,939,366,140,1191,427,241,126,316,115,2441,138,11944.0,2.75,25.99,35.85,56.44,52.28,10.58,74.0,47.72,53.26,86.55,3.01,2.61
2020-12-14,2020-12,50,2,5098,4545,66388,19548,6764,1552,0,735,248,99,1065,379,187,86,310,101,3102,97,8569.0,1.69,20.89,35.59,49.34,45.99,8.08,81.79,54.01,60.85,88.34,1.89,1.68
2020-12-22,2020-12,51,3,3838,3399,44472,12759,4301,1094,0,543,122,58,910,219,96,55,176,41,2171,57,3107.0,1.43,23.71,24.07,43.84,57.29,6.04,80.37,42.71,56.57,54.51,0.91,0.81
2020-12-10,2020-12,49,5,5993,5230,80933,24070,8134,1759,0,989,383,145,1413,456,267,130,365,137,3382,144,10893.0,2.17,23.58,32.27,58.55,48.69,9.2,80.04,51.31,56.43,75.65,2.08,1.82
2020-11-12,2020-11,45,5,3693,3174,49194,15050,4921,0,0,358,220,54,947,0,169,51,0,118,1890,54,3349.0,1.38,25.64,0.0,,30.18,5.39,,69.82,51.18,62.02,1.06,0.91
2021-01-09,2021-01,1,7,3258,2953,31587,11019,2125,459,0,175,42,20,520,109,39,18,95,21,330,20,1363.0,0.55,15.96,20.96,35.78,46.15,3.46,87.16,53.85,10.13,68.15,0.46,0.42
2020-11-11,2020-11,45,4,3809,3288,51619,15819,5259,0,0,247,192,64,943,0,163,63,0,101,1947,63,4428.0,1.65,24.76,0.0,,38.65,6.68,,61.96,51.12,70.29,1.35,1.16
2020-11-08,2020-11,45,1,2163,1913,30406,9696,3237,0,0,132,74,32,498,0,100,31,0,69,1141,31,3760.0,1.43,23.02,0.0,,31.0,6.22,,69.0,52.75,121.29,1.97,1.74
2021-01-01,2021-01,0,6,2308,2157,22023,7882,1496,295,0,150,33,14,321,68,26,12,58,14,218,13,975.0,0.52,13.91,21.18,38.24,46.15,3.74,85.29,53.85,9.45,75.0,0.45,0.42
2020-12-20,2020-12,51,1,3288,2963,30085,8575,2352,533,0,378,58,19,556,127,52,18,113,34,2130,19,1399.0,0.55,16.91,22.84,40.94,34.62,3.24,88.98,65.38,64.78,73.63,0.47,0.43
2021-01-13,2021-01,2,4,4570,4126,45570,15657,3002,665,0,404,93,36,772,179,85,35,155,50,489,36,1858.0,0.77,16.89,23.19,47.49,41.18,4.53,86.59,58.82,10.7,51.61,0.45,0.41
2020-12-16,2020-12,50,4,5528,4811,66967,19075,6351,1675,0,831,372,141,1183,334,183,115,249,68,3313,140,10877.0,2.08,21.4,28.23,54.79,62.84,9.72,74.55,37.16,59.93,77.69,2.26,1.97
2020-11-17,2020-11,46,3,4063,3438,59300,17923,5964,533,0,687,289,98,1078,247,200,85,201,115,2002,98,6227.0,2.09,26.53,22.91,80.97,42.5,7.88,81.38,57.5,49.27,63.54,1.81,1.53
2020-12-08,2020-12,49,3,7562,6673,91637,26962,7840,1763,0,968,346,117,1443,467,266,107,387,159,4581,117,8197.0,1.41,19.08,32.36,56.96,40.23,7.42,82.87,59.77,60.58,70.06,1.23,1.08
2020-12-25,2020-12,51,6,2645,2489,21340,5950,1639,462,0,202,47,17,361,81,36,17,67,19,1893,17,552.0,0.64,13.65,22.44,44.44,47.22,4.71,82.72,52.78,71.57,32.47,0.22,0.21
2021-01-10,2021-01,2,1,3002,2771,27392,9663,1775,309,0,171,44,15,449,84,33,15,73,18,286,15,1012.0,0.5,14.96,18.71,39.29,45.45,3.34,86.9,54.55,9.53,67.47,0.37,0.34
2020-12-01,2020-12,48,3,4983,4293,71901,21528,6996,1672,0,746,267,106,1263,461,231,99,387,132,2580,105,6228.0,1.99,25.35,36.5,50.11,42.86,7.84,83.95,57.14,51.78,59.31,1.45,1.25
2021-01-11,2021-01,2,2,3953,3602,38183,13168,2451,542,0,280,73,27,683,161,56,26,139,30,393,26,1458.0,0.66,17.28,23.57,34.78,46.43,3.81,86.34,53.57,9.94,56.08,0.4,0.37
2020-12-26,2020-12,51,7,2676,2471,22145,6298,1735,338,0,143,40,17,409,75,25,16,65,9,1833,16,734.0,0.6,15.28,18.34,33.33,64.0,3.91,86.67,36.0,68.5,45.88,0.3,0.27
2021-01-30,2021-01,4,7,2900,2605,30200,10987,2356,364,0,251,55,29,605,109,51,26,93,25,339,27,159.0,0.9,20.86,18.02,46.79,50.98,4.3,85.32,49.02,11.69,5.89,0.06,0.05
2021-01-31,2021-01,5,1,2841,2539,26444,9484,1824,293,0,234,53,19,569,103,56,18,87,38,333,18,0.0,0.63,20.03,18.1,54.37,32.14,3.16,84.47,67.86,11.72,0.0,0.0,0.0
2021-01-16,2021-01,2,7,3177,2889,30176,10525,1927,357,0,278,49,27,532,120,51,24,99,27,326,26,1461.0,0.76,16.75,22.56,42.5,47.06,4.51,82.5,52.94,10.26,56.19,0.51,0.46
2020-11-05,2020-11,44,5,3840,3268,52068,16282,5273,0,0,197,95,26,878,0,127,26,0,101,1931,26,1792.0,0.68,22.86,0.0,,20.47,2.96,,79.53,50.29,68.92,0.55,0.47
2020-11-02,2020-11,44,2,3726,3259,48402,14965,4938,0,0,219,138,49,821,0,130,40,0,90,2063,32,4789.0,1.07,22.03,0.0,,30.77,4.87,,69.23,55.37,149.66,1.47,1.29
2021-01-29,2021-01,4,6,3791,3381,41019,14283,3256,493,0,428,150,56,884,161,93,53,125,40,396,53,190.0,1.4,23.32,18.21,57.76,56.99,6.0,77.64,43.01,10.45,3.58,0.06,0.05
2021-01-12,2021-01,2,3,4721,4187,48503,16698,3308,740,0,428,95,48,846,170,79,43,138,36,492,48,2547.0,0.91,17.92,20.09,46.47,54.43,5.08,81.18,45.57,10.42,53.06,0.61,0.54
2020-12-30,2020-12,52,4,3213,2953,30195,10554,1875,405,0,269,64,37,513,113,38,21,101,17,318,23,1604.0,0.65,15.97,22.03,33.63,55.26,4.09,89.38,44.74,9.9,69.74,0.54,0.5
2020-12-21,2020-12,51,2,4006,3618,42717,12317,3554,846,0,543,116,55,820,201,89,50,168,39,2395,54,3552.0,1.25,20.47,24.51,44.28,56.18,6.1,83.58,43.82,59.79,65.78,0.98,0.89
2021-01-19,2021-01,3,3,4187,3710,50907,17250,3998,720,0,475,126,49,838,179,85,47,141,38,434,48,3756.0,1.12,20.01,21.36,47.49,55.29,5.61,78.77,44.71,10.37,78.25,1.01,0.9
2020-11-06,2020-11,44,6,3319,2806,49063,15260,5354,0,0,272,197,58,852,0,154,48,0,106,1644,48,3438.0,1.45,25.67,0.0,,31.17,5.63,,68.83,49.53,71.63,1.23,1.04
2020-12-31,2020-12,52,5,2619,2435,24493,8523,1633,439,0,258,58,25,383,94,43,22,78,21,267,24,2595.0,0.84,14.62,24.54,45.74,51.16,5.74,82.98,48.84,10.19,108.13,1.07,0.99
2020-12-19,2020-12,50,7,3587,3229,37006,10637,3082,757,0,505,111,51,724,184,90,39,153,51,2190,50,2459.0,1.09,20.18,25.41,48.91,43.33,5.39,83.15,56.67,61.05,49.18,0.76,0.69
2020-11-13,2020-11,45,6,3338,2856,50541,15801,5330,0,0,601,238,79,854,0,186,69,0,117,1686,78,5831.0,2.07,25.58,0.0,,37.1,8.08,,62.9,50.51,74.76,2.04,1.75
2020-11-20,2020-11,46,6,4127,3467,57913,17858,6110,15,0,312,141,114,1094,3,161,62,2,99,2058,63,8174.0,1.5,26.51,0.27,5366.67,38.51,5.67,66.67,61.49,49.87,129.75,2.36,1.98
2021-01-23,2021-01,3,7,3132,2817,34289,11951,2805,372,0,372,121,41,739,128,78,41,98,37,334,41,2600.0,1.31,23.6,17.32,60.94,52.56,5.55,76.56,47.44,10.66,63.41,0.92,0.83
2020-12-02,2020-12,48,4,4801,4095,66598,19801,6413,1442,0,750,255,83,1210,392,209,76,333,133,2495,82,5218.0,1.58,25.2,32.4,53.32,36.36,6.28,84.95,63.64,51.97,63.63,1.27,1.09
2020-11-15,2020-11,46,1,2213,1957,31285,9938,3223,0,0,326,98,23,497,0,110,23,0,87,1195,23,1553.0,1.04,22.46,0.0,,20.91,4.63,,79.09,54.0,67.52,0.79,0.7
2021-01-02,2021-01,0,7,2728,2577,23717,8491,1403,304,0,143,28,14,405,65,32,14,54,18,253,14,1026.0,0.51,14.85,16.05,49.23,43.75,3.46,83.08,56.25,9.27,73.29,0.4,0.38
2020-11-29,2020-11,48,1,3253,2881,42776,13189,4180,852,0,261,157,53,708,267,127,50,221,77,1834,53,3938.0,1.54,21.76,37.71,47.57,39.37,7.06,82.77,60.63,56.38,74.3,1.37,1.21
2021-01-05,2021-01,1,3,4485,4094,42750,14818,2709,538,0,260,59,30,701,152,54,28,135,26,466,29,1167.0,0.62,15.63,21.68,35.53,51.85,3.99,88.82,48.15,10.39,40.24,0.29,0.26
2021-01-28,2021-01,4,5,4216,3728,43077,15130,3316,477,0,326,135,68,1031,189,89,55,145,34,466,55,128.0,1.3,24.45,18.33,47.09,61.8,5.33,76.72,38.2,11.05,2.33,0.03,0.03
2021-01-04,2021-01,1,2,3367,3076,31429,11028,1983,396,0,180,49,15,525,101,30,15,92,15,354,15,733.0,0.45,15.59,19.24,29.7,50.0,2.86,91.09,50.0,10.51,48.87,0.24,0.22
2020-11-09,2020-11,45,2,3271,2796,44633,13960,4380,0,0,210,149,53,789,0,135,43,0,92,1724,43,2181.0,1.31,24.12,0.0,,31.85,5.45,,68.15,52.71,50.72,0.78,0.67
2020-11-22,2020-11,47,1,2687,2357,36544,11530,3749,0,0,166,79,60,670,0,109,29,0,80,1408,31,3428.0,1.08,24.93,0.0,,26.61,4.33,,73.39,52.4,110.58,1.45,1.28
2020-11-26,2020-11,47,5,4177,3618,54705,16737,5138,1057,0,319,170,57,896,287,191,56,248,135,2354,57,4449.0,1.34,21.45,32.03,66.55,29.32,6.25,86.41,70.68,56.36,78.05,1.23,1.07
2021-01-03,2021-01,1,1,2785,2574,24657,8781,1605,229,0,151,34,15,420,59,32,15,51,17,264,15,653.0,0.54,15.08,14.05,54.24,46.88,3.57,86.44,53.13,9.48,43.53,0.25,0.23
2020-12-03,2020-12,48,5,5182,4452,71697,21359,7072,1289,0,785,250,90,1344,403,228,86,338,143,2656,89,4324.0,1.66,25.94,29.99,56.58,37.72,6.4,83.87,62.72,51.25,48.58,0.97,0.83
2020-11-01,2020-11,44,1,2625,2365,31291,9774,3380,4,0,127,73,14,537,1,95,13,1,82,1567,0,773.0,0.5,20.46,0.19,9500.0,13.68,2.42,100.0,86.32,59.7,,0.33,0.29
2020-11-03,2020-11,44,3,5347,4641,62122,18802,5865,0,0,238,171,51,1010,0,144,48,0,96,3113,48,3497.0,0.9,18.89,0.0,,33.33,4.75,,66.67,58.22,72.85,0.75,0.65
2020-11-07,2020-11,44,7,2271,2001,34232,10782,3960,0,0,150,82,31,589,0,111,28,0,83,1123,28,2531.0,1.23,25.94,0.0,,25.23,4.75,,74.77,49.45,90.39,1.26,1.11
2021-01-24,2021-01,4,1,2968,2692,31974,11115,2630,488,0,415,80,40,641,114,69,35,84,34,301,40,2732.0,1.18,21.6,17.78,60.53,50.72,5.46,73.68,49.28,10.14,68.3,1.01,0.92
2020-12-07,2020-12,49,2,5451,4702,71745,21357,6853,1113,0,732,268,114,1216,371,204,94,311,110,3054,111,8800.0,1.72,22.31,30.51,54.99,46.08,7.73,83.83,53.92,56.03,79.28,1.87,1.61
2020-11-21,2020-11,46,7,3190,2748,41748,13212,4171,0,0,173,79,66,814,0,125,34,0,91,1590,34,4038.0,1.07,25.52,0.0,,27.2,4.18,,72.8,49.84,118.76,1.47,1.27
2021-01-08,2021-01,1,6,4262,3800,41248,14399,2664,502,0,305,79,33,671,156,62,33,131,29,444,33,1671.0,0.77,15.74,23.25,39.74,53.23,4.92,83.97,46.77,10.42,50.64,0.44,0.39
2020-11-04,2020-11,44,4,4325,3720,51413,15664,4988,0,0,213,122,44,879,0,118,28,0,90,2375,28,2013.0,0.65,20.32,0.0,,23.73,3.19,,76.27,54.91,71.89,0.54,0.47
2020-12-29,2020-12,52,3,3435,3121,33934,11756,2306,556,0,236,66,23,531,127,42,21,114,21,461,23,1368.0,0.61,15.46,23.92,33.07,50.0,3.95,89.76,50.0,13.42,59.48,0.44,0.4
2020-12-18,2020-12,50,6,4824,4248,56775,16036,5358,1620,0,959,238,106,1057,320,153,78,264,75,2803,105,6759.0,1.62,21.91,30.27,47.81,50.98,7.38,82.5,49.02,58.11,64.37,1.59,1.4
2020-11-25,2020-11,47,4,4604,3979,64222,19823,6642,300,0,385,281,108,1189,80,225,85,70,140,2470,99,8094.0,1.85,25.83,6.73,281.25,37.78,7.15,87.5,62.22,53.65,81.76,2.03,1.76
2020-11-27,2020-11,47,6,3977,3507,54250,16511,5213,1223,0,299,212,96,874,328,194,89,250,105,2140,93,6439.0,2.24,21.98,37.53,59.15,45.88,10.18,76.22,54.12,53.81,69.24,1.84,1.62
2021-01-18,2021-01,3,2,3610,3221,32333,11328,1827,388,0,221,44,19,517,112,47,18,97,29,401,18,1223.0,0.5,14.32,21.66,41.96,38.3,3.48,86.61,61.7,11.11,67.94,0.38,0.34
2020-12-28,2020-12,52,2,3356,3042,32598,9842,2636,631,0,305,82,37,538,129,48,33,103,15,1660,36,2147.0,0.98,16.03,23.98,37.21,68.75,6.13,79.84,31.25,49.46,59.64,0.71,0.64
2020-11-16,2020-11,46,2,3532,3077,49830,15393,4950,87,0,546,233,67,875,35,165,67,28,98,1775,67,4976.0,1.9,24.77,4.0,471.43,40.61,7.66,80.0,59.39,50.25,74.27,1.62,1.41
2021-01-25,2021-01,4,2,3906,3498,41966,14656,3293,491,0,485,126,60,944,148,84,58,102,26,445,60,3027.0,1.48,24.17,15.68,56.76,69.05,6.14,68.92,30.95,11.39,50.45,0.87,0.77
2020-12-23,2020-12,51,4,3443,3119,39848,11292,3717,1117,0,574,155,67,726,209,92,53,167,39,2052,67,4418.0,1.54,21.09,28.79,44.02,57.61,7.3,79.9,42.39,59.6,65.94,1.42,1.28
2021-01-14,2021-01,2,5,4363,3901,46010,15647,3329,685,0,469,123,54,846,203,83,47,171,36,510,52,3274.0,1.08,19.39,24.0,40.89,56.63,5.56,84.24,43.37,11.69,62.96,0.84,0.75
2021-01-26,2021-01,4,3,4089,3579,41642,14688,2952,480,0,369,114,51,963,143,87,49,107,38,474,49,1217.0,1.2,23.55,14.85,60.84,56.32,5.09,74.83,43.68,11.59,24.84,0.34,0.3
2020-11-28,2020-11,47,7,3387,3002,44549,13565,4428,1069,0,244,173,77,755,281,159,74,221,85,1911,77,6092.0,2.18,22.29,37.22,56.58,46.54,9.8,78.65,53.46,56.42,79.12,2.03,1.8
2021-01-21,2021-01,3,5,4687,4191,52773,17698,4714,645,0,522,118,53,1409,218,107,50,175,57,512,53,4225.0,1.07,30.06,15.47,49.08,46.73,3.55,80.28,53.27,10.92,79.72,1.01,0.9
2020-11-18,2020-11,46,4,4126,3500,55528,16772,5335,621,0,365,223,68,1028,207,159,50,180,109,2092,59,4575.0,1.21,24.92,20.14,76.81,31.45,4.86,86.96,68.55,50.7,77.54,1.31,1.11
2020-11-14,2020-11,45,7,2360,2071,33731,10620,3453,0,0,318,100,30,585,0,106,29,0,77,1216,30,2338.0,1.23,24.79,0.0,,27.36,4.96,,72.64,51.53,77.93,1.13,0.99
2020-11-24,2020-11,47,3,4422,3805,62825,19286,6618,0,0,364,267,145,1129,0,210,97,0,113,2211,108,10097.0,2.19,25.53,0.0,,46.19,8.59,,53.81,50.0,93.49,2.65,2.28
2020-12-15,2020-12,50,3,5741,4983,72849,20854,7332,1941,0,819,345,140,1244,407,193,119,323,74,3415,139,10280.0,2.07,21.67,32.72,47.42,61.66,9.57,79.36,38.34,59.48,73.96,2.06,1.79